{
  "status": 2,
  "sol_count": 10,
  "obj_val": 496080.0,
  "obj_bound": 496099.9999999998,
  "mip_gap": 4.03160780515751e-05
}