{
  "status": 9,
  "sol_count": 10,
  "obj_val": 450859.0,
  "obj_bound": 450999.9999999997,
  "mip_gap": 0.0003127363543806577
}