{
  "status": 11,
  "sol_count": 10,
  "obj_val": 450826.0,
  "obj_bound": 450999.99999999977,
  "mip_gap": 0.0003859582189132108
}