{
  "status": 11,
  "sol_count": 10,
  "obj_val": 450859.0,
  "obj_bound": 450999.99999999977,
  "mip_gap": 0.00031273635438078685
}